S.No,Course Name,Timing
2,MINOR PROJECT-AMD897,
3,APPLIED COMPUTATIONAL METHOD-AML702,TWF 09:00-10:00
4,FINITE ELEMENT METHODS & ITS APPL.TO MARINE STRU.-AML706,TWF 10:00-11:00
5,STRUCTURAL DESIGN OF SHIPS.-AML792,MTF 12:00-13:00
6,SUBMARINE DESIGN-AML795,TThF 11:00-12:00
7,B.TECH PROJECT II-APD412,
8,MAJOR PROJECT PART-I-APD811,
9,MS RESEARCH PROJECT-APD895,
10,ENGINEERING MECHANICS-APL100,MTh 08:00-09:30
11,ENGINEERING MECHANICS-APL100,MTh 14:00-15:30
12,EXPERIMENTAL METHODS-APL103,TWF 10:00-11:00
13,MECHANICS OF SOLIDS AND FLUIDS-APL105,MTh 08:00-09:30
14,ENGINEERING THERMODYNAMICS-APL206,"MW 11:00-12:00 ,Th 12:00-13:00"
15,VIBRATION-APL306,TThF 11:00-12:00
16,INTRODUCTION TO FINITE ELEMENT METHOD-APL311,TWF 08:00-09:00
17,INTRODUCTION TO COMPUTATIONAL FLUID DYNAMICS-APL321,TWF 09:00-10:00
18,ADVANCED MECHANICS OF SOLIDS-APL331,MTF 12:00-13:00
19,MACHINE LEARNING IN MECHANICS-APL405,TThF 11:00-12:00
20,ADVANCED CFD-APL422,MTh 09:30-11:00
21,FINITE ELEMENT METHOD-APL705,MTh 08:00-09:30
22,COMPUTER AIDED DESIGN-APL710,TWF 09:00-10:00
23,ADVANCED FLUID MECHANICS-APL711,MTF 12:00-13:00
24,TURBULENCE AND ITS MODELING-APL713,"MW 11:00-12:00 ,Th 12:00-13:00"
25,COMPUTATIONAL FLUID DYNAMICS-APL720,MTh 08:00-09:30
26,DEEP LEARNING FOR MECHANICS-APL745,TWF 10:00-11:00
27,ENVIRONMENTAL FLUID DYNAMICS-APL746,
28,MODELING AND ANALYSIS-APL774,MTh 17:00-18:30
29,PROCDUCT DESIGN AND FEASIBILITY STUDY-APL776,TWF 08:00-09:00
30,FATIGUE FAILURE AND DESIGN-APL787,
31,ADVANCED SOLID MECHANICS-APL796,"MW 11:00-12:00 ,Th 12:00-13:00"
32,MECHANICS OF COMPOSITE MATERIALS-APL835,MTF 12:00-13:00
33,MAJOR PROJECT (MSR)-BSD895,
34,STANDARDS - APPRECIATION OF STANDARDS-BSV711,
35,MINOR PROJECT-JTD792,
36,MAJOR PROJECT PART-II-JTD802,
37,MAJOR PROJECT PART 2 (BB1)-BBD452,
38,MTP PART-II-BBD856,
39,MAJOR PROJECT (MSR)-BBD895,
40,PHYSICAL AND CHEMICAL PROPERTIES OF BIOMOLECULES-BBL342,"MW 11:00-12:00 ,Th 12:00-13:00"
41,BIOPROCESS TECHNOLOGY-BBL431,TWF 10:00-11:00
42,FLUID SOLID SYSTEMS-BBL432,"MW 11:00-12:00 ,Th 12:00-13:00"
43,ENZYME SCIENCE AND ENGINEERING-BBL433,TWF 09:00-10:00
44,BIOINFORMATICS-BBL434,TThF 11:00-12:00
45,BIOSEPARATION ENGINEERING-BBL731,TThF 11:00-12:00
46,DYNAMICS OF MICROBIAL SYSTEMS-BBL736,MTF 12:00-13:00
47,BIOLOGICAL WASTE TREATMENT-BBL742,MTh 15:30-17:00
48,CURRENT TOPICS IN BIOCHEMICALENGINEERING AND BIOTE-BBL746,"MW 11:00-12:00 ,Th 12:00-13:00"
49,BIONANOTECHNOLOGY-BBL747,MTh 09:30-11:00
50,ELECTROMICROBIOLOGY AND BIOELECTROCHEMICAL SYSTEMS-BBL757,MTh 15:30-17:00
51,BIOMOLECULAR ENGINEERING-BBL774,TWF 09:00-10:00
52,BIOREACTION ENGINEERING-BBL775,MTh 09:30-11:00
53,SEMINAR COURSE - I-BBQ301,
54,SEMINAR COURSE - II-BBQ302,
55,AGRICULTURE SUSTAINABILITY THROUGH PLANT-ASSOCIATED MICROBIOMES-BBV752,"W 12:00-13:00 ,TF 17:00-18:00"
56,MINOR PROJECT-JCD891,
57,M.TECH. PROJECT PART-I-JCD892,
58,MINOR PROJECT-CRD802,
59,MAJOR PROJECT PART-I-CRD811,
60,MAJOR PROJECT PART 2-CRD812,
61,MAJOR PROJECT-III-CRD814,
62,ARCHITECTURES AND ALGORITHMS FOR DSP SYSTEMS-CRL702,TWF 10:00-11:00
63,SENSOR ARRAY SIGNAL PROCESSING-CRL704,
64,SONAR SYSTEMS ENGINEERING-CRL708,MTF 12:00-13:00
65,RF AND MICROWAVE ACTIVE CIRCUITS-CRL712,MTh 08:00-09:30
66,RF AND MICROWAVE SOLID STATE DEVICES-CRL722,
67,RF AND MICROWAVE MEASUREMENT SYSTEM TECHNIQUES-CRL724,MTh 09:30-11:00
68,RF MEMS DESIGN AND TECHNOLOGY-CRL726,
69,SELECTED TOPICS IN RFDT-I-CRL731,
70,SELECTED TOPICS IN RFDT-III-CRL733,
71,MINOR AREA PROJECT-ASD390,
72,PROJECT-II-ASD882,
73,MS RESEARCH PROJECT-ASD895,
74,"CLIMATE CHANGE: IMPACTS, ADAPTATION & MITIGATION-ASL320",TThF 11:00-12:00
75,INTRODUCTION TOOCEANOGRAPHY-ASL350,MTF 12:00-13:00
76,FUNDAMENTALS OF AIR POLLUTION SCIENCE-ASL385,MTh 17:00-18:30
77,SCIENCE OF CLIMATE CHANGE-ASL736,MTF 12:00-13:00
78,PHYSICAL AND DYNAMICAL OCEANOGRAPHY-ASL737,TWF 09:00-10:00
79,NUMERICAL MODELING OF THE ATMOSPHERE AND OCEAN-ASL738,MTh 14:00-15:30
80,DISPERSION OF AIR POLLUTANTS-ASL751,TThF 11:00-12:00
81,CLOUD PHYSICS-ASL754,MTh 09:30-11:00
82,TROPICAL WEATHER AND CLIMATE-ASL757,"MW 11:00-12:00 ,Th 12:00-13:00"
83,AIR-SEA INTERACTION-ASL762,TWF 10:00-11:00
84,IMPACTS OF CLIMATE CHANGE AND AIR POLLUTION ON HUMAN HEALTH-ASL765,MTh 08:00-09:30
85,SPECIAL TOPICS IN CLIMATE-ASL851,
86,SPECIAL TOPICS IN AIR POLLUTION STUDIES-ASL854,
87,ADVANCED DATA ANALYSIS FOR WEATHER AND CLIMATE-ASP820,TWF 10:00-11:00
88,MAJOR PROJECT PART-II-CTD802,
89,MS RESEARCH PROJECT-CTD895,
90,BATTERIES FOR ELECTRIC VEHICLES: MULTIDISCIPLINARY PERSPECTIVES-CTL707,TWF 10:00-11:00
91,EMBEDDED SYSTEMS FOR AUTOMOTIVE SECTOR-CTL711,MTh 14:00-15:30
92,POWER ELECTRONICS AND DRIVES FOR ELECTRIC VEHICLES-CTL717,MTh 08:00-09:30
93,AUTOMOTIVE NOISE AND CONDITION MONITORING-CTL731,TThF 11:00-12:00
94,ADVANCED VEHICLE PROPULSION-CTL732,TF 14:00-15:30
95,DESIGN OF MOTORS FOR AUTOMOTIVE APPLICATION-CTL736,MTh 09:30-11:00
96,ELECTRIC VEHICLE LABORATORY 2-CTP704,MTh 15:30-17:00
97,MAJOR PROJECT-2-BMD802,
98,INTRODUCTION TO HEALTHCARE ENGINEERING-BML300,"MW 11:00-12:00 ,Th 12:00-13:00"
99,CHEMISTRY FOR HUMAN HEALTH: PRINCIPLES AND APPLICATIONS-BML706,
100,BIOMEDICAL SIGNAL AND IMAGE PR-BML735,TF 14:00-15:30
101,BIOMEDICAL DATA ANALYSIS-BML738,"MW 11:00-12:00 ,Th 12:00-13:00"
102,BIOMEDICAL INSTRUMENTATION-BML740,TThF 11:00-12:00
103,"BIOMEDICAL ETHICS, SAFETY AND REGULATORY AFFAIRS-BML760",MTh 09:30-11:00
104,SOFT TISSUE CHARACTERIZATION AND APPLICATIONS-BML774,
105,ORTHOPEDIC DEVICE DESIGN AND PROTOTYPING-BML781,MTF 12:00-13:00
106,TISSUE ENGINEERING-BML810,TF 15:30-17:00
107,BIOMATERIALS-BML820,TF 14:00-15:30
108,NANOMEDICINE-BML860,MTF 12:00-13:00
109,MICRO-NANODEVICES FOR HEALTHCARE TECHNOLOGY-BML890,MTh 17:00-18:30
110,BASIC BIOMEDICAL LABORATORY-BMP743,
111,GRADUATE STUDENT RESEARCH SEMINAR-BMQ706,
112,BASIC MATHEMATICS FOR BIOLOGISTS-BMV702,TWF 10:00-11:00
113,MECHANICS OF BIOMATERIALS-BMV705,
114,BIOMAS PRODUCTION-RDL700,TWF 08:00-09:00
115,KARIGAR & TRADITIONAL INDUSTRIES-RDL702,MTh 17:00-18:30
116,RURAL INDIA AND PLANNING FOR DEVELOPMENT-RDL710,MTh 08:00-09:30
117,ECOLOGICAL PERSPECTIVE OF GROWTH AND DEVLOPMENT-RDL725,MTh 14:00-15:30
118,"HERBAL,MEDICINAL ANDAROMATIC PRODUCTS-RDL726",MTh 17:00-18:30
119,CONSERVATION AND RECYCLING PRACTICES IN RURAL AREAS-RDL727,MTh 14:00-15:30
120,RURAL ENERGY ASSESSMENT AND PLANNING-RDL728,MTF 12:00-13:00
121,TECHNOLOGY OF UTILIZATION OF WASTELANDS & WEEDS-RDL740,MTh 14:00-15:30
122,VALUE CHAIN IN AGRO-FOOD PROCESSING-RDL761,"W 12:00-13:00 ,TF 17:00-18:00"
123,RURAL VALUE CHAIN FOR HOLISTIC DEVELOPMENT-RDL770,MTh 09:30-11:00
124,NANOTECHNOLOGY FOR SAFE AND SUSTAINABLE AGRICULTURE-RDL771,TThF 11:00-12:00
125,SEMINAR COURSE-V-RDQ305,
126,B. TECH. PROJECT-CLD411,
127,MAJOR PROJECT IN ENERGY & ENV.-CLD412,
128,MAJOR PROJECT IN COMPLEX FLUID-CLD413,
129,"MAJOR PROJ. IN P.E, MOD. & OP.-CLD414",
130,MAJOR PROJ IN BIOP. & FINE CH.-CLD415,
131,MINOR PROJECT-CLD771,
132,MAJOR PROJECT - I-CLD781,
133,MAJOR PROJECT - II-CLD782,
134,MINOR PROJECT-CLD880,
135,MAJOR PROJECT PARTI-CLD881,
136,MAJOR PROJECT PARTII-CLD882,
137,M.S.R. MAJOR PROJECT-CLD895,
138,CHEMICAL ENGG. THERMODYNAMICS-CLL121,TThF 11:00-12:00
139,CHEMICAL REACTION ENGG I-CLL122,TWF 09:00-10:00
140,FLUID MECHS. FOR CHEM. ENGINEE-CLL231,MTh 08:00-09:30
141,HEAT TRANSFER FOR CHEMICAL ENG-CLL251,MTh 09:30-11:00
142,INTRO TO INDUSTRIAL BIOTECH.-CLL271,TWF 09:00-10:00
143,MASS TRANSFER II-CLL352,MTh 09:30-11:00
144,INSTRUMENTATION AND AUTOMATION-CLL361,TWF 08:00-09:00
145,CHEM. PROCESS TECH.& ECONOMICS-CLL371,TWF 10:00-11:00
146,SAFETY & HAZARDS IN PROC. IND.-CLL475,MTh 09:30-11:00
147,MODELLING OF TRANSPORT PROCESS-CLL701,MTF 12:00-13:00
148,PRINCIPLES OF ELECTROCH. ENGG.-CLL720,MTh 15:30-17:00
149,HYDROGEN EN. & FUEL CELL TECH.-CLL723,MTh 09:30-11:00
150,ADVANCED TRANSPORT PHENOMENA-CLL731,"W 12:00-13:00 ,TF 17:00-18:00"
151,INDUSTRIAL MULTIPHASE REACTORS-CLL733,"MW 11:00-12:00 ,Th 12:00-13:00"
152,CHEMICAL ENGG. MATHEMATICS-CLL761,TThF 11:00-12:00
153,INTERFACIAL ENGINEERING-CLL766,TThF 11:00-12:00
154,FUNDAMENTALS OF COMP. FLUID DY-CLL768,TWF 10:00-11:00
155,PROCESS DATA ANALYTICS-CLL788,MTh 15:30-17:00
156,MEMBRANE SCIENCE & ENGINEERING-CLL793,TThF 11:00-12:00
157,"SELECTED TOPICS IN CHEMICAL ENGINEERING-I (CARBON CAPTURE, UTILIZATION, AND STORAGE)-CLL798B",TWF 10:00-11:00
158,SELECTED TOPICS IN CHEMICAL ENGINEERING-II (INTRODUCTION TO MICRO HYDRODYNAMICS)-CLL799C,TThF 11:00-12:00
159,CHEMICAL ENGINEERING LAB - II-CLP302,
160,TECHNICAL COMMUNICATION FOR CHEMICAL ENGINEERS-CLP704,
161,SEMINAR COURSE - I-CLQ301,
162,RECENT  ADV. IN CHEMICAL ENGG.-CLV797,TWF 10:00-11:00
163,PROJECT PART II-CMD641,
164,MAJOR  PROJECT PART - II-CMD807,
165,INTRODUCTION TO CHEMISTRY-CML101,TWF 08:00-09:00
166,INTRODUCTION TO CHEMISTRY-CML101,TWF 15:30-16:30
167,MOLECULAR THERMODYNAMICS-CML521,TWF 08:00-09:00
168,CHEMICAL DYNA. & SURFACE CHEM.-CML522,MTh 08:00-09:30
169,ORGANIC SYNTHESIS-CML523,TWF 09:00-10:00
170,TRAN. & INNER TRAN. METAL CHE.-CML524,TThF 11:00-12:00
171,BASIC ORGANOMETALIC CHEMISTRY-CML525,MTh 09:30-11:00
172,STR. & FUNC. OF CELLULAR BIOM.-CML526,TWF 10:00-11:00
173,SOLID STATE CHEMISTRY-CML661,MTh 09:30-11:00
174,BIOPHYSICAL CHEMISTRY-CML665,MTF 12:00-13:00
175,INORGANIC POLYMERS-CML672,"MW 11:00-12:00 ,Th 12:00-13:00"
176,BIO-ORGANIC AND MEDICINAL CHEMISTRY-CML673,TThF 11:00-12:00
177,CHEMISTRY OF HETEROCYCLIC COMPOUNDS-CML675,TF 15:30-17:00
178,INORGANIC POLYMERS-CML682,TWF 10:00-11:00
179,SYNTHESIS OF INDUSTRIALLY IMPO-CML724,TF 14:00-15:30
180,MATERIAL CHARACTERIZATION-CML729,"W 12:00-13:00 ,TF 17:00-18:00"
181,SEPARATION AND ELECTROANALYTIC-CML731,TWF 09:00-10:00
182,CHEMISTRY OF INDUSTRIAL CATALY-CML733,TWF 08:00-09:00
183,CHEMISTRY OF NANOSTRUCTURED  M-CML734,MTF 12:00-13:00
184,BIOSYNTHETIC APPROACH TOWARDS NATURAL PRODUCTS-CML735,"MW 11:00-12:00 ,Th 12:00-13:00"
185,APPLIED SPECTROSCOPY-CML737,TWF 10:00-11:00
Department    
S.No,Course Name,Lecture Time
186,APPLICATIONS OF P-BLOCK ELEMEN-CML738,TThF 11:00-12:00
187,CHEMISTRY OF HETEROCYCLIC COMP-CML740,TF 15:30-17:00
188,REAGENTS IN SYNTHETIC TRANSFOR-CML742,TWF 08:00-09:00
189,COMPUTATIONAL QUANTUM CHEMISTRY-CML760,MTh 09:30-11:00
190,MOLECULAR MODELLING AND SIMULA-CML801,MTh 14:00-15:30
191,CHEMISTRY LABORATORY-CMP100,
192,LAB III-CMP521,
193,LAB IV-CMP522,
194,INSTRUMENTATION LABORATORY-CMP728,
195,SEMINAR IN CONSTRUCTION TECHNO-CVC772,
196,BTECH PROJECT PART 1-CVD411,
197,BTECH PROJECT PART 2-CVD412,
198,MINOR PROJECT-CVD700,
199,MINOR PROJECT-CVD710,
200,MAJOR THESIS PART-I-CVD720,
201,MAJOR THESIS PART-II-CVD721,
202,MAJOR PROJECT PART-I (CES)-CVD757,
203,MAJOR PROJECT PART-II (CES)-CVD758,
204,MAJOR PROJECT PART-I (CEC)-CVD772,
205,MAJOR PROJECT PART-II (CEC)-CVD773,
206,MAJOR PROJECT PART-I (CET)-CVD777,
207,MAJOR PROJECT PART-II (CET)-CVD778,
208,MAJOR PROJECT PART-I-CVD800,
209,MAJOR THESIS PART-II-CVD801,
210,MAJOR PROJECT PART-I-CVD810,
211,MAJOR PROJECT PART-II (CEU)-CVD811,
212,MAJOR PROJECT PART-I-CVD831,
213,MAJOR PROJECT PART-II-CVD832,
214,MAJOR PROJECT PART-I-CVD853,
215,MAJOR PROJECT PART-II-CVD854,
216,MSR MAJOR PROJECT-CVD895,
217,ENVIRONMENTAL SCIENCE-CVL100A,TWF 08:00-09:00
218,ENVIRONMENTAL SCIENCE-CVL100B,TWF 08:00-09:00
219,ENVIRONMENTAL ENGINEERING-CVL212,MTh 09:30-11:00
220,SOIL MECHANICS-CVL222,TThF 11:00-12:00
221,STRUCTURAL ANALYSIS I-CVL242,TWF 09:00-10:00
222,CONSTRUCTION PRACTICES-CVL244,TWF 08:00-09:00
223,INTRO. TO TRANSPORTATION ENGG.-CVL261,MTh 09:30-11:00
224,HYDRAULICS-CVL281,TWF 10:00-11:00
225,AIR AND NOISE POLLUTION-CVL313,MTh 08:00-09:30
226,STEEL DESIGN-CVL342,TWF 09:00-10:00
227,DESIGN OF HYDRAULIC STRUCTURES-CVL381,TWF 10:00-11:00
228,GROUNDWATER-CVL382,"MW 11:00-12:00 ,Th 12:00-13:00"
229,SOIL DYNAMICS-CVL423,TWF 09:00-10:00
230,STABILITY OF SLOPES-CVL432,TWF 10:00-11:00
231,PRESTRESSED CON. & IND. STRUC.-CVL443,"MW 11:00-12:00 ,Th 12:00-13:00"
232,LOGISTICS & FREIGHT TRANSPORT-CVL461,MTh 08:00-09:30
233,GROUND IMPROVEMENT AND GEOSYNTHETICS-CVL702,MTh 09:30-11:00
234,GEOENVIRONMENTAL ENGINEERING-CVL703,"MW 11:00-12:00 ,Th 12:00-13:00"
235,SLOPES AND RETAINING STRUCTURES-CVL705,TWF 10:00-11:00
236,SOIL DYNAMICS AND EARTHQUAKE GEOTECHNICAL ENGG.-CVL706,TWF 09:00-10:00
237,SLOPES AND FOUNDATIONS-CVL712,TWF 10:00-11:00
238,ANALYSIS AND DESIGN OF UNDERGROUND STRUCTURES-CVL713,MTh 09:30-11:00
239,FIELD EXPLORATION AND GEOTECHNICAL PROCESSES-CVL714,TWF 09:00-10:00
240,SOLID WASTE ENGINEERING-CVL721,TThF 11:00-12:00
241,WASTE WATER ENGINEERING-CVL723,TWF 10:00-11:00
242,ENVIRONMENTAL SYSTEMS ANALYSIS-CVL724,MTh 08:00-09:30
243,ENVIRONMENTAL QUALITY MODELING-CVL728,MTh 14:00-15:30
244,ENVIRONMENTAL STATISTICS & EXP-CVL729,MTF 12:00-13:00
245,ADVANCED HYDRAULICS-CVL734,MTF 12:00-13:00
246,SOFT COMPUTING TECHNIQUES IN WATER RESOURCES-CVL736,MTh 08:00-09:30
247,AIRPORT PLANNING AND DESIGN-CVL743,MTh 17:00-18:30
248,DATA ANALYSIS FOR TRANSPORTATION ENGINEERING-CVL748,MTh 15:30-17:00
249,THEORY OF CONCRETE STRUCTURES-CVL760,TWF 10:00-11:00
250,THEORY OF STEEL STRUCTURES-CVL761,MTh 09:30-11:00
251,EARTHQUAKE ANALYSIS AND DESIGN-CVL762,TWF 09:00-10:00
252,DESIGN OF BRIDGE STRUCTURES-CVL766,MTh 08:00-09:30
253,CONSTRUCTION CONTRACT MGMT.-CVL774,TWF 08:00-09:00
254,CONSTRUCTION ECONOMICS AND FI-CVL775,MTh 09:30-11:00
255,CONSTRUCTION PRACTICES AND EQ-CVL776,TWF 09:00-10:00
256,BUILDING SERVICES AND MAINTENA-CVL778,MTh 17:00-18:30
257,NUMERICAL AND COMPUTER METHODS IN GEOMECHANICS-CVL811,MTh 08:00-09:30
258,GROUNDWATER FLOW AND POLLUTION MODELING-CVL830,TThF 11:00-12:00
259,URBAN WATER INFRASTRUCTURE-CVL834,"MW 11:00-12:00 ,Th 12:00-13:00"
260,DISCRETE CHOICE METHODS FOR TRAVEL DEMAND ANALYSIS-CVL848,MTh 14:00-15:30
261,TRAFFIC FLOW MODELLING-CVL849,"MW 11:00-12:00 ,Th 12:00-13:00"
262,SPECIAL TOPICS IN TRANSPORTATION ENGINEERING-CVL851,TF 15:30-17:00
263,STRUCTURAL HEALTH MONITORING-CVL864,MTF 12:00-13:00
264,STRUCTURAL VIBRATION CONTROL-CVL865,TWF 08:00-09:00
265,WAVES THROUGH PERIODIC STRUCTURES AND METAMATERIALS-CVL868,MTh 17:00-18:30
266,DURABILITY AND REPAIR OF CONCR-CVL871,"MW 11:00-12:00 ,Th 12:00-13:00"
267,SUSTAINABLE MATERIALS AND GREE-CVL875,MTh 08:00-09:30
268,SOIL MECHANICS LABORATORY-CVP222,
269,STRUCTURAL ANALYSIS LABORATORY-CVP242,
270,TRANSPORTATION ENGG. LABORATOR-CVP261,
271,HYDRAULICS LABORATORY-CVP281,
272,STRUCTURES & MATERIAL LAB-CVP342,
273,SIMULATION LABORATORY-I-CVP730,
274,SIMULATION LABORATORY-II-CVP731,
275,STRUCTURAL ENGINEERING LAB-CVP756,
276,CONSTRUCTION TECHNOLOGY LABORA-CVP771,
277,GEOENVIRONMENTAL AND GEOTECHNICAL ENGINEERING LAB-CVP800,
278,ROCK MECHANICS LABORATORY-II-CVP810,
279,ADVANCED AIR POLLUTION LABORATORY-CVP820,TF 15:30-17:00
280,CIVIL ENGINEERING SEMINAR-CVQ301,
281,DESIGN PROJECT-COD300,
282,MINI PROJECT-COD310,
283,B.TECH PROJECT PART 1-COD492,
284,B.TECH PROJECT PART 2-COD494,
285,MINOR PROJECT-COD745,
286,MINOR PROJECT-COD891,
287,M.TECH PROJECT PARTI-COD892,
288,M.TECH PROJECT PARTII-COD893,
289,MSR PROJECT-COD895,
290,INTRO. TO COMPUTER SCIENCE-COL100,MTh 15:30-17:00
291,DATA STRUCTURES AND ALGORITHMS-COL106,TThF 11:00-12:00
292,DISCRETE MATHEMATICAL STRUCTUR-COL202,TWF 10:00-11:00
293,COMPUTER ARCHITECTURE-COL216,MTh 09:30-11:00
294,PROGRAMMING LANGUAGES-COL226,TThF 11:00-12:00
295,OPERATING SYSTEMS-COL331,"W 12:00-13:00 ,TF 17:00-18:00"
296,ANALYSIS & DESIGN OF ALGORITHMS-COL351,MTh 08:00-09:30
297,INTRO TO AUTOMATA & TH. OF CO.-COL352,"MW 11:00-12:00 ,Th 12:00-13:00"
298,INTRO. TO DATABASE MGMT. SYST.-COL362,TWF 10:00-11:00
299,INTRO. TO PARALLEL & DIS. PRO.-COL380,MTF 12:00-13:00
300,INTRODUCTION TO DATA BASESYSTEMS-COL632,TWF 10:00-11:00
301,RESOURCE MANAGEMENT IN COMPUTER SYSTEMS-COL633,"W 12:00-13:00 ,TF 17:00-18:00"
302,SYNTHESIS OF DIGITAL SYSTEMS-COL719,MTF 12:00-13:00
303,NUMERICAL ALGORITHMS-COL726,MTh 09:30-11:00
304,COMPUTATIONAL SOCIAL CHOICE-COL749,MTh 15:30-17:00
305,FOUNDATIONS OF AUTOMATIC VERI.-COL750,TF 14:00-15:30
306,CRYPTOGRAPHY & COMPUTER SEC.-COL759,MTh 14:00-15:30
307,DATA MINING-COL761,TF 15:30-17:00
308,MACHINE LEARNING-COL774,TThF 11:00-12:00
309,PRINCIPLES OF AUTONOMOUS SYSTEMS-COL778,MTh 14:00-15:30
310,COMPUTER VISION-COL780,MTh 15:30-17:00
311,COMPUTER GRAPHICS-COL781,TF 14:00-15:30
312,ADVANCED FUNCTIONAL BRAIN IMG.-COL786,TF 15:30-17:00
313,SPL TOPICS IN HARDWARE SYSTEMS-COL861,"MW 11:00-12:00 ,Th 12:00-13:00"
314,SPL. TOPICS IN THEO. COMP. SC.-COL863,MTh 08:00-09:30
315,SPECIAL TOPICS IN ALGORITHMS-COL866,TF 14:00-15:30
316,SPL. TOPICS IN HIGH SPEED NET.-COL867,TF 15:30-17:00
317,SPL. TOPICS IN DATABASE SYST.-COL868,MTh 14:00-15:30
318,TEACHING PRACTICUM IN COMPUTER SCIENCE AND ENGINEERING-CON800,
319,RESEARCH PRACTICUM IN COMPUTER SCIENCE AND ENGINEERING-CON801,
320,DESIGN PRACTICES-COP290,
321,INDEPENDENT STUDY (CS)-COS310,
322,INDEPENDENT STUDY-COS799,
323,SPL. MODULE IN ARTIFICIAL INT.-COV884,
324,M.TECH PROJECT PART-II-JCD893,
325,CYBER SECURITY AND INFORMATION ASSURANCE LAB-JCP810,
326,MTECH MINOR PROJECT-JRD891,
327,MTECH PROJECT PART II-JRD893,
328,DEGREES OF FREEDOM AND CONSTRAINTS IN DEVICES-JRL747,MTh 09:30-11:00
329,COMPUTER VISION FOR ROBOTICS-JRL780,MTh 15:30-17:00
330,DESIGN PROJECT-1-DDD120,
331,DESIGN PROJECT-2 (SIMPLE PRODUCT DESIGN)-DDD320,
332,DESIGN PROJECT-4 (DISSERTATION PROJECT / THESIS)-DDD410,
333,DESIGN PROJECT 1-DDD792,
334,DESIGN PROJECT-DDD799,T 18:15-21:15
335,INDUSTRY/ RESEARCH DESIGN PRO.-DDD892,
336,FUNDAMENTALS OF DESIGN-DDL116,
337,PRODUCT VISUALIZATION TECHNIQUES-DDL121,TF 14:00-15:30
338,EXPLORATORY DESIGN METHODS-DDL122,MTh 15:30-17:00
339,DESIGN WITH CONTEMPORARY TECHNOLOGIES-DDL124,TF 15:30-17:00
340,TYPOGRAPHY AND LAYOUT-DDL126,
341,DESIGN RESEARCH METHODS-DDL222,W 18:15-21:15
342,COGNITIVE ERGONOMICS-DDL223,
343,STORYTELLING AND FILM MAKING-DDL224,
344,MARKET RESEARCH AND TREND ANALYSIS-DDL225,TF 15:30-17:00
345,SYSTEM ORIENTED DESIGN-DDL226,
346,EXHIBITION AND SPACE DESIGN-DDL228,
347,MODEL MAKING-DDL321,
348,ANIMATION DESIGN-DDL715,
349,ADV MAT PROCESSES & DIE DESIGN-DDL732,TWF 10:00-11:00
350,DESIGN RESEARCH METHODOLOGY-DDL768,MTh 15:30-17:00
351,SPECIAL TOPICS IN DESIGN 1-DDL810,T 18:15-21:15
352,SPECIAL TOPICS IN DESIGN 2-DDL820,MTh 15:30-17:00
353,COMPUTER AIDED VISUALIZATION-DDP113,MTh 14:00-15:30
354,COMP.  AIDED PRODUCT DETAILING-DDP711,
355,PRODUCT INTERFACE & DESIGN-DDP741,MTh 09:30-11:00
356,INDUSTRY INTERNSHIP-DDR324,
357,DESIGN FOR SUSTAINABILITY-DDR822,
358,DESIGN FOR USER EXPERIENCE-DDR832,MTh 15:30-17:00
359,DESIGN IN INDIAN CONTEXT-DDR862,TF 14:00-15:30
360,DOCTORAL THESIS-DTD899,
361,B.TECH. PROJECT - I-ELD411,
362,B.TECH. PROJECT - I-ELD431,
363,BTP PART-II-ELD450,
364,BTP PART-II-ELD451,
365,BTP PART-II-ELD452,
366,BTP PART-II-ELD453,
367,BTP PART-II-ELD454,
368,BTP PART-II-ELD455,
369,BTP PART-II-ELD456,
370,BTP PART-II-ELD457,
371,BTP PART-II-ELD458,
372,BTP PART-II-ELD459,
373,MINOR PROJECT-ELD780,
374,MINOR PROJECT (EEA)-ELD800,
375,MAJOR PROJECT PART I-ELD801,
376,MAJOR PROJECT PART II-ELD802,
377,MINOR PROJECT (COMMUNICATION E-ELD810,
378,MAJOR PROJECT PART-I (COMMUNIC-ELD811,
379,MAJOR PROJECT PART-II-ELD812,
380,MINOR PROJECT-ELD830,
381,MAJOR PROJECT PART-I (INTEGRAT-ELD831,
382,MAJOR PROJECT PART-II-ELD832,
383,MINOR PROJECT-ELD850,
384,MAJOR PROJECT PART-II-ELD852,
385,MAJOR PROJECT PART-II-ELD872,
386,MAJOR PROJECT PART-I-ELD880,
387,MAJOR PROJECT PART II-ELD881,
388,MS RESEARCH PROJECT-ELD895,
389,INTRO. TO ELECTRICAL ENGG.-ELL101,TWF 15:30-16:30
390,DIGITAL ELECTRONICS-ELL201,MTh 09:30-11:00
391,SIGNALS AND SYSTEMS-ELL205,TWF 09:00-10:00
392,PHYSICAL ELECTRONICS-ELL211,MTh 09:30-11:00
393,ENGINEERING ELECROMAGNETICS-ELL212,TWF 10:00-11:00
394,CONTROL ENGINEERING I-ELL225,TThF 11:00-12:00
395,POWER ELECTR. & ENERGY DEVICES-ELL231,MTh 08:00-09:30
396,POWER ENGINEERING-I-ELL303,TThF 11:00-12:00
397,SEMICONDUCTOR PROCESS TECH.-ELL312,MTh 08:00-09:30
398,DIGITAL SIGNAL PROCESSING-ELL319,TWF 10:00-11:00
399,ELECTRIC DRIVES-ELL332,TWF 10:00-11:00
400,EMBEDDED SYSTEMS-ELL365,MTh 09:30-11:00
401,POWER SYSTEMS PROTECTION-ELL400,TWF 10:00-11:00
402,OPERATING SYSTEMS-ELL405,MTF 12:00-13:00
403,ROBOTICS AND AUTOMATION-ELL406,TThF 11:00-12:00
404,MACHINE INTELLIGENCE & LEARNING-ELL409,MTh 09:30-11:00
405,DIGITAL COMMUNICATIONS-ELL411,TWF 10:00-11:00
406,SWITCH MODE POWER CONVERSION-ELL437,"W 12:00-13:00 ,TF 17:00-18:00"
407,SPECIAL TOPICS IN COGNITIVE & INTELLIGENT SYSTEMS-ELL457,"MW 11:00-12:00 ,Th 12:00-13:00"
408,OPTIMAL CONTROL THEORY-ELL703,MTh 09:30-11:00
409,STOCHASTIC FILTERING AND IDENT-ELL705,MTh 08:00-09:30
410,SELECTED TOPICS IN SYSTEMS  AN-ELL708,TF 14:00-15:30
411,"ONLINE PREDICTION, OPTIMIZATION, AND LEARNING-ELL709",
412,TELECOMMUNICATION SWITCHING AN-ELL716,
413,OPTICAL COMMUNICATION SYSTEMS-ELL717,MTh 08:00-09:30
414,STATISTICAL SIGNAL PROCESSING-ELL718,MTF 12:00-13:00
415,DETECTION & ESTIMATION THEORY-ELL719,MTh 09:30-11:00
416,ADVANCED DIGITAL SIGNAL PROCES-ELL720,MTh 17:00-18:30
417,WIRELESS COMMUNICATIONS-ELL725,"W 12:00-13:00 ,TF 17:00-18:00"
418,STOCHASTIC CONTROL AND REINFORCEMENT LEARNING-ELL729,
419,I.C. TECHNOLOGY-ELL730,MTh 08:00-09:30
420,MIXED SIGNAL CIRCUIT DESIGN-ELL731,MTh 14:00-15:30
421,MICRO AND NANO PHOTONICS-ELL738,MTh 17:00-18:30
422,QUANTUM ELECTRONICS-ELL745,
423,ACTIVE AND PASSIVE FILTER DESI-ELL747,"MW 11:00-12:00 ,Th 12:00-13:00"
424,SEMICONDUCTOR MEMORY DESIGN-ELL749,MTh 09:30-11:00
425,ELECTRIC DRIVE SYSTEM-ELL752,MTh 09:30-11:00
426,SWITCHED MODE POWER CONVERSION-ELL760,"W 12:00-13:00 ,TF 17:00-18:00"
427,ELECTRICAL SYSTEMS FOR CONSTRUCTION INDUSTRIES-ELL769,TThF 11:00-12:00
428,ADVANCED POWER SYSTEM OPTIMIZA-ELL776,MTh 09:30-11:00
429,OPERATING SYSTEMS-ELL783,MTF 12:00-13:00
430,INTRODUCTION TO MACHINE LEARNI-ELL784,TWF 08:00-09:00
431,NONLINEAR CONTROL-ELL801,MTh 14:00-15:30
432,WIRELESS OPTICAL COMMUNICATION-ELL814,"MW 11:00-12:00 ,Th 12:00-13:00"
433,MIMO WIRELESS COMMUNICATIONS-ELL815,TWF 10:00-11:00
434,SELECTED TOPICS IN INFORMATION PROCESSING-I-ELL823,
435,SELECTED TOPICS ININFORMATION PROCESSING - II-ELL824,TF 14:00-15:30
436,ISSUES IN DEEP SUBMICRON VLSI-ELL830,MTh 15:30-17:00
437,"CAD FOR VLSI, MEMS, AND NANOAS-ELL831",MTF 12:00-13:00
438,SELECTED TOPICS IN IEC-I-ELL832,TF 14:00-15:30
439,SELECTED TOPICS IN IEC-II-ELL834,TF 15:30-17:00
440,DIGITAL CONTROL OF POWER ELECT-ELL850,MTh 17:00-18:30
441,HIGH POWER CONVERTERS-ELL855,TWF 10:00-11:00
442,SELECTED TOPICS IN POWER ELECT-ELL857,MTF 12:00-13:00
443,SPECIAL TOPICS IN COMPUTERS-II-ELL881,"MW 11:00-12:00 ,Th 12:00-13:00"
444,DEEP LEARNING FOR NATURAL LANGUAGE PROCESSING-ELL884,MTh 14:00-15:30
445,CLOUD COMPUTING-ELL887,MTh 15:30-17:00
446,NETWORK SECURITY-ELL895,TWF 10:00-11:00
447,INTRO. TO ELECTRICAL ENGG.-ELP101,
448,ELECTROMECHANICS LABORATORY-ELP203,
449,POWER ELECTRONICS LABORATORY-ELP302,
450,DESIGN AND SYSTEM LABORATORY-ELP305,
451,COMMUNICATION ENGINEERING LAB.-ELP311,
452,WIRELESS COMMUNICATION LABORAT-ELP725,
453,PHYSICAL DESIGN LABORATORY-ELP736,
454,ON-WAFER DEVICE CHARACTERIZATION LABORATORY-ELP740,
455,ADVANCED CONTROL LABORATORY-ELP801,
456,SEMICONDUCTOR PROCESSING LABOR-ELP830,
457,IEC LABORATORY-II-ELP832,
458,ELECTRICAL DRIVES LABORATORY-ELP852,
459,DSP BASED CONTROL OF POWER ELE-ELP853,
460,POWER SYSTEM LAB 2-ELP871,
461,SEMINAR COURSE - I-ELQ301,
462,INDEPENDENT STUDY (EE1)-ELS310,
463,INDEPENDENT STUDY (EE3)-ELS330,
464,SPECIAL MODULE IN MACHINE LEAR-ELV832,"W 12:00-13:00 ,TF 17:00-18:00"
465,FIBER OPTICS AND OPTICAL COMMUNICATION LAB.II-JOP792,
466,MAJOR PROJECT PART-I-JVD811,
467,MAJOR PROJECT PART-II-JVD812,
468,MS RESEARCH PROJECT-JVD895,
469,B.TECH. PROJECT-I-ESD400,
470,B.TECH. PROJECT-II-ESD406,
471,MAJOR PROJECT PART I [ESN]-ESD801,
472,MAJOR PROJECT PART II [ESN]-ESD802,
473,MAJOR PROJECT PART I [ESR]-ESD851,
474,MAJOR PROJECT PART II [ESR]-ESD852,
475,MS RESEARCH PROJECT-ESD895,
476,FUNDAMENTALS OF ENERGY ENGINEERING-ESL200,TWF 09:00-10:00
477,ELECTRICAL MACHINES-ESL262,MTh 09:30-11:00
478,SELF-ORGANIZING DYNAMICAL SYSTEMS-ESL300,MTF 12:00-13:00
479,"ENERGY, ECOLOGY AND ENVIRONMENT-ESL330",TWF 09:00-10:00
480,ENERGY CONSERVATION MANAGEMENT-ESL350,TWF 10:00-11:00
481,HYDROGEN ECONOMY-ESL352,"MW 11:00-12:00 ,Th 12:00-13:00"
482,DIRECT ENERGY CONVERSION-ESL360,MTh 09:30-11:00
483,POWER SYSTEMS AND SMART GRID OPERATIONS-ESL361,TWF 08:00-09:00
484,DESIGN OF ENERGY SYSTEMS-ESL371,TWF 10:00-11:00
485,COMPUTATIONAL METHODS FOR ENERGY SYSTEMS-ESL373,TThF 11:00-12:00
486,PULSE WIDTH MODULATION TECHNIQUES AND AC MOTOR DRIVES-ESL721,MTh 14:00-15:30
487,RENEWABLE ENERGY AND ENVIRONMENT-ESL729,TThF 11:00-12:00
488,PLASMA FOR ENERGY AND ENVIRONMENT-ESL744,MTh 15:30-17:00
489,RENEWABLE ENERGY RESOURCE ASSESSMENT AND FORECASTING-ESL751,MTh 17:00-18:30
490,WIND & SMALL HYDRO ENERGY SYSTEMS-ESL768,TF 14:00-15:30
491,BATTERY STORAGE-ESL773,TF 15:30-17:00
492,QUANTITATIVE METHODS FORENERGY MANAGEMENT & PLG.-ESL774,TWF 09:00-10:00
493,INDUSTRIAL ENERGY & ENVIRONMENT ANALYSI-ESL776,MTh 09:30-11:00
494,COGENERATION AND ENERGY EFFICIENCY-ESL784,MTF 12:00-13:00
495,EMERGING MATERIALS FOR NEXT GENERATION PHOTOVALTAIC APPLICATIONS-ESL852,"MW 11:00-12:00 ,Th 12:00-13:00"
496,SOLAR PHOTOVOLTAIC POWER GENERATION-ESL855,TWF 08:00-09:00
497,INTRODUCTION TO PROJECT MANAGEMENT-ESN702,"W 13:00-14:00 ,TF 18:00-19:00"
498,TECHNICAL WRITING-ESN703,"W 13:00-14:00 ,TF 18:00-19:00"
499,ELECTRICAL ENERGY LABORATORY-ESP260,
500,ENERGY INNOVATION LABORATORY-ESP300,
501,RENEWABLE ENERGY LABORATORY-ESP705,
502,ENERGY & ENVIRONMENT LABORATORY-ESP728,
503,SEMINAR COURSE ON RENEWABLE ENERGY-ESQ301,
504,SEMINAR COURSE ON NUCLEARENERGY AND FUTURISTIC USE-ESQ307,
505,COGNITIVE SCIENCE PROJECT II-HSD622,
506,RESEARCH PROJECT PART - I-HSD690,
507,SEMINAR (CASE MATERIAL-BASED)MINOR PROJECT-HSD700,
508,CONTEMPORARY SOCIAL THEORY-HSL571,MTh 14:00-15:30
509,INTRODUCTION TO RESEARCH METHODS-HSL583,MTh 15:30-17:00
510,POLITICAL THOUGHT-HSL584,TWF 10:00-11:00
511,MICROECONOMICS II-HSL611,MTh 14:00-15:30
512,MACROECONOMICS II-HSL612,MTh 09:30-11:00
513,ECONOMETRICS-HSL613,MTh 15:30-17:00
514,DEVELOPMENT ECONOMICS-HSL614,TF 14:00-15:30
515,MATHEMATICAL FOUNDATIONS FOR COGNITIVE SCIENCE-HSL621,"MW 11:00-12:00 ,Th 12:00-13:00"
516,COMPUTATION AND COGNITION-HSL622,MTh 15:30-17:00
517,STUDY OF AN AUTHOR-HSL631,TF 14:00-15:30
518,THE LYRIC POET IN MODERNITY-HSL633,MTF 12:00-13:00
519,PHILOSOPHY OF MIND AND COGNITION-HSL651,TF 15:30-17:00
520,COGNITIVE PROCESSES: FROM LABS TO FIELDS-HSL661,MTh 14:00-15:30
521,STRATIFICATION ECONOMICS-HSL706,
522,PERSPECTIVES ON INDIAN ECONOMY-HSL717,MTh 17:00-18:30
523,ADVANCED ECONOMETRICS-HSL719,TF 15:30-17:00
524,ADVANCED COMPUTATIONAL METHODS-HSL723,TWF 09:00-10:00
525,ADVANCED EXPERIMENTAL METHODS-HSL724,MTh 17:00-18:30
526,OPTIMALITY THEORY AND HARMONIC GRAMMAR-HSL749,TThF 11:00-12:00
527,ACOUSTIC PHONETICS-HSL750,
528,CRITICAL READING IN PHILOSOPHICAL TEXTS-HSL751,MTh 15:30-17:00
529,PSYCHOLOGICAL INTERVENTIONS-HSL764,
530,"SCIENCE, TECHNOLOGY AND SOCIETY-HSL783",
531,RESEARCH WRITING-HSL800,MTh 08:00-09:30
532,RESEARCH WRITING-HSL800,MTh 17:00-18:30
533,ADVANCED DATA ANALYSIS FOR BEHAVIORAL RESEARCH USING R-HSL822,MTh 14:00-15:30
534,LITERATURE AND THE CITY-HSL834,
535,MINIMALIST ARCHITECTURE OF GRAMMAR-HSL841,
536,COMPUTATIONAL MODELS OF MEANING-HSL844,TF 14:00-15:30
537,ADVANCED TOPICS IN LINGUISTICS-HSL850,
538,ADVANCED TOPICS IN PHILOSOPHY-HSL860,
539,GLOBALIZATION-HSL878,MTh 14:00-15:30
540,ECONOMICS LAB-HSP511,
541,COGNITIVE SCIENCE LECTURE SERIES II-HSP523,
542,RESEARCH PROJECT IN ECONOMICS II-HSP620,
543,HSS COLLOQUIUM-II-HSQ502,
544,INTRODUCTION TO ECONOMICS-HUL211,MTh 17:00-18:30
545,MICROECONOMICS-HUL212,MTh 17:00-18:30
546,MACRO ECONOMICS-HUL213,MTh 17:00-18:30
547,AN INTRODUCTION TO LITERATURE-HUL231,MTh 17:00-18:30
548,AN INTRODUCTION TO DRAMA-HUL236,MTh 17:00-18:30
549,CONTEMPORARY FICTION-HUL237,MTh 17:00-18:30
550,FUNDAMENTALS OF LANGUAGE SCIENCES-HUL242,MTh 17:00-18:30
551,LANGUAGE AND COMMUNICATION-HUL243,MTh 17:00-18:30
552,CRITICAL THINKING-HUL256,MTh 08:00-09:30
553,SOCIAL AND POLITICAL PHILOSOPH-HUL258,MTh 08:00-09:30
554,INTRODUCTION TO PSYCHOLOGY-HUL261,MTh 17:00-18:30
555,INTRODUCTION TO THE SOCIOLOGY OF INDIA-HUL272,"MW 11:00-12:00 ,Th 12:00-13:00"
556,ENVIRONMENT; DEVELOPMENT AND SOCIETY-HUL275,MTh 17:00-18:30
557,APPLIED GAME THEORY-HUL311,MTh 08:00-09:30
558,ECONOMETRIC METHODS-HUL315,MTh 17:00-18:30
559,SELECTED TOPICS IN LITERATURE-HUL340,MTh 17:00-18:30
560,PROBLEMS IN CLASSICAL INDIAN PHILOSOPHY-HUL352,MTh 17:00-18:30
561,APPLIED POSITIVE PSYCHOLOGY-HUL361,MTh 08:00-09:30
562,UNDERSTANDING THE SOCIAL BEING-HUL364,MTh 08:00-09:30
563,SELECTED TOPICS IN PSYCHOLOGY-HUL370,MTh 08:00-09:30
564,"SCIENCE, TECHNOLOGY AND SOCIETY-HUL371",MTh 08:00-09:30
565,SELECTED TOPICS IN SOCIOLOGY-HUL380,"MW 11:00-12:00 ,Th 12:00-13:00"
566,AGRARIAN SOCIETIES AND TRANSFORMATION-HUL688,MTh 09:30-11:00
567,DEVELOPMENT ECONOMICS -HUL720,
568,AGRARIAN SOCIETIES AND RURAL DEVELOPMENT-HUL775,
569,PHILOSOPHY AND FILM-HUL846,
570,"ETHNOGRAPHY: THEORY, PRACTICE AND CRITIQUE-HUL876",
571,"NARRATOLOGY: FOUNDATIONS, DOMAINS, FRONTIERS-HUL881",
572,PROFESSIONAL ETHICS AND SOCIAL RESPONSIBILITY - II-NEN111,
573,LANGUAGE & WRITING SKILL-2-NLN101,
574,MBA PROJECT-MDD801,
575,MBA PROJECT-MDD802,
576,MBA PROJECT-MDD803,
577,FIXED INCOME SECURITIES-MDL803,TF 14:00-15:30
578,MARKETING NOT-FOR-PROFIT-MDL808,MTh 09:30-11:00
579,CONSUMER BEHAVIOR-MDL810,Th 18:15-21:15
580,BUSINESS PLAN & FUNDING-MSD309,
581,ORGANIZATION AND PEOPLE MANAGEMENT-MSL301,MTh 17:00-18:30
582,MARKETING MANAGEMENT-MSL303,MTh 08:00-09:30
583,OPERATIONS MANAGEMENT-MSL304,W 18:15-21:15
584,VENTURE FINANCING & TEAMING-MSL307,M 18:15-21:15
585,CORPORATE INNOVATION & ENTREPRENEURSHIP-MSL407,Th 18:15-21:15
586,FUNDAMENTALS OF MANAGEMENT OF TECHNOLOGY-MSL700,M 18:15-21:15
587,HRM SYSTEMS-MSL705,MTh 14:00-15:30
588,HRM SYSTEMS-MSL705,MTh 15:30-17:00
589,HRM SYSTEMS-MSL705,M 18:15-21:15
590,BUSINESS LAWS-MSL706,MTh 14:00-15:30
591,BUSINESS LAWS-MSL706,MTh 15:30-17:00
592,FINANCIAL MANAGEMENT-MSL708,MTh 08:00-09:30
593,FINANCIAL MANAGEMENT-MSL708,TWF 08:00-09:00
594,STRATEGIC MANAGEMENT-MSL711,MTh 09:30-11:00
595,STRATEGIC MANAGEMENT-MSL711,TWF 09:00-10:00
596,INFORMATION SYSTEMS MANAGEMENT-MSL713,MTh 14:00-15:30
597,INFORMATION SYSTEMS MANAGEMENT-MSL713,TF 15:30-17:00
598,INFORMATION SYSTEMS MANAGEMENT-MSL713,W 18:15-21:15
599,MACROECONOMIC ENV. OF BUSINESS-MSL720,TThF 11:00-12:00
600,MACROECONOMIC ENV. OF BUSINESS-MSL720,MTF 12:00-13:00
601,MACROECONOMIC ENV. OF BUSINESS-MSL720,F 18:15-21:15
602,TELECOM SYSTEMS MANAGEMENT-MSL723,MTh 08:00-09:30
603,INTERPERSONAL BEHAVIOR & TEAM DYNAMICS-MSL727,T 18:15-21:15
604,INTERPERSONAL BEHAVIOR & TEAM DYNAMICS-MSL727,TF 14:00-15:30
605,INTERPERSONAL BEHAVIOR & TEAM DYNAMICS-MSL727,TF 15:30-17:00
606,INTERPERSONAL BEHAVIOR & TEAM DYNAMICS-MSL727,M 18:15-21:15
607,INTERNATIONAL TELECOM MANAGEMENT-MSL728,TWF 09:00-10:00
608,ORGANIZATION THEORY-MSL733,MTh 15:30-17:00
609,ORGANIZATION THEORY-MSL733,TF 14:00-15:30
610,ORGANIZATION THEORY-MSL733,W 18:15-21:15
611,MANAGEMENT OF SMALL & MEDIUM SCALE INDUSTRIAL ENT.-MSL734,T 18:15-21:15
612,OPERATIONS MANAGEMENT-MSL745,MTh 09:30-11:00
613,OPERATIONS MANAGEMENT-MSL745,TWF 09:00-10:00
614,OPERATIONS MANAGEMENT-MSL745,Th 18:15-21:15
615,MARKETING MANAGEMENT-MSL760,T 18:15-21:15
616,BUSINESS CYCLES AND GLOBAL ECONOMY-MSL782,W 18:15-21:15
617,SERVICES OPERATIONS MANAGEMENT-MSL805,Th 18:15-21:15
618,ADVANCED DATA MINING FOR BUSINESS DECISIONS-MSL810,F 18:15-21:15
619,INDUSTRIAL WASTE MANAGEMENT-MSL818,F 18:15-21:15
620,SUPPLY CHAIN ANALYTICS-MSL841,M 18:15-21:15
621,ADVERTISING AND SALESPROMOTION MANAGEMENT-MSL863,F 18:15-21:15
622,SALES MANAGEMENT-MSL865,"W 12:00-13:00 ,TF 17:00-18:00"
623,CORPORATE GOVERNANCE-MSL870,T 18:15-21:15
624,SECURITY ANALYSIS & PORTFOLIOMANAGEMENT-MSL873,TF 15:30-17:00
625,ELECTRONIC PAYMENTS-MSL878,F 18:15-21:15
626,CURRENT AND EMERGING ISSUES IN FINANCE-MSL879,F 18:15-21:15
627,INFORMATION SYSTEM STRATEGY-MSL884,Th 18:15-21:15
628,SOCIAL MEDIA AND BUSINESS PRACTICES-MSL894,TThF 11:00-12:00
629,SOCIAL  SECTOR ATTACHMENT-MST894,
630,FRONTIERS IN OB & HR MANAGEMENT-MSV826,MTh 17:00-18:30
631,MAJOR PROJECT PART-II-JPD802,
632,B. TECH. PROJECT (PART -2)-MLD412,
633,MAJOR PROJECT-2-MLD802,
634,MS RESEARCH PROJECT-MLD895,
635,INTRODUCTION TO MATERIALS SCIENCE AND ENGINEERING-MLL100,TWF 10:00-11:00
636,STRUCTURE OF MATERIALS-MLL102,MTh 09:30-11:00
637,CHARACTERIZATION OF MATERIALS I-MLL104,TWF 10:00-11:00
638,PHASE EQUILIBRIA AND TRANSFORMATIONS-MLL202,"MW 11:00-12:00 ,Th 12:00-13:00"
639,MATH. METHODS IN MATERIALS ENGINEERING-MLL212,MTF 12:00-13:00
640,INTRODUCTION TO POLYMERIC MATERIALS-MLL242,TWF 08:00-09:00
641,GLASS AND CERAMICS-MLL264,TWF 09:00-10:00
642,MATERIALS SELECTION AND DESIGN-MLL372,TWF 10:00-11:00
643,CORROSIOON AND DEGRADATION OF MATERIALS-MLL452,TWF 08:00-09:00
644,MECHANICAL BEHAVIOUR OF MATERIALS-MLL711,TWF 09:00-10:00
645,ADVANCED ENGINEERING MATERIALS-MLL715,MTF 12:00-13:00
646,POLYMER PROCESSING-MLL720,MTh 14:00-15:30
647,POLYMER TECHNOLOGY-MLL722,MTh 08:00-09:30
648,POLYMER TESTING AND PROPERTIES-MLL725,TWF 09:00-10:00
649,DIFFUSION & KINETICS-MLL730,MTh 09:30-11:00
650,POLYMER COATINGS-MLL739,TWF 10:00-11:00
651,NANOSTRUCTURES AND NANOMATERIALS-MLL740,TWF 10:00-11:00
652,BIODEGRADABLE POLYMERIC MATERIALS-MLL741,TF 15:30-17:00
653,MICRO AND NANOFABRICATION IN MATERIALS ENGG.-MLL742,MTh 17:00-18:30
654,"CRYSTALS, SYMMETRY, AND TENSORS-MLL746",MTh 08:00-09:30
655,MATERIALS SIMULATION METHODS USING HIGH PERFORMANCE COMPUTING-MLL760,TWF 09:00-10:00
656,RESEARCH SEMINAR-MLN710,
657,MECHANICAL BEHAVIOR OF MATRIALS LAB-MLP352,
658,FUNCTIONAL MATERIALS LAB-MLP354,
659,MATERIALS SCIENCE AND ENGINEERING COLLOQUIUM-,
,MLQ301,
660,RESEARCH PRACTICE FOR BEGINNERS-MLS302,
661,POLYMER SCI. LAB-PTP710,
662,MINI PROJECT-MTD350,
663,B.TECH. PROJECT-MTD421,
664,PROJECT 2-MTD702,
665,MAJOR PROJECT PARTII-MTD852,
666,MAJOR PROJECT PART-II-MTD854,
667,LINEAR ALGEBRA & DIFFE. EQUA.-MTL101,TWF 09:00-10:00
668,LINEAR ALGEBRA & DIFFE. EQUA.-MTL101,TWF 14:30-15:30
669,DIFFERENTIAL EQUATIONS-MTL102,TWF 10:00-11:00
670,OPTIMIZATION METHODS & APPL.-MTL103,MTh 08:00-09:30
671,LINEAR ALGEBRA & APPLICATIONS-MTL104,TWF 09:00-10:00
672,ALGEBRA-MTL105,TThF 11:00-12:00
673,PROBABILITY & STOCHASTIC PRO.-MTL106,TWF 09:00-10:00
674,NUMERICAL METHOD S& COMPUTATION-MTL107,TWF 09:00-10:00
675,INTRODUCTION TO STATISTICS-MTL108,TWF 09:00-10:00
676,REAL AND COMPLEX ANALYSIS-MTL122,TThF 11:00-12:00
677,NUMBER THEORY-MTL145,TF 14:00-15:30
678,COMBINATORICS-MTL146,MTh 14:00-15:30
679,STATISTICAL METHODS-MTL390,TWF 09:00-10:00
680,FUNCTIONAL ANALYSIS-MTL411,"MW 11:00-12:00 ,Th 12:00-13:00"
681,COMPLEX ANALYSIS-MTL506,MTh 09:30-11:00
682,TOPOLOGY-MTL507,TThF 11:00-12:00
683,MATHEMATICAL PROGRAMMING-MTL508,"W 12:00-13:00 ,TF 17:00-18:00"
684,NUMERICAL  ANALYSIS-MTL509,MTF 12:00-13:00
685,MEASURE AND INTEGRATION-MTL510,TWF 09:00-10:00
686,COMP. METHODS FOR DIFFER. EQU.-MTL712,MTh 14:00-15:30
687,STOCHASTIC OF FINANCE-MTL733,TF 15:30-17:00
688,ADVANCED NUMBER THEORY-MTL735,TF 14:00-15:30
689,MATHEMATICAL THEORY OF CODING-MTL744,MTh 17:00-18:30
690,SYMBOLIC DYNAMICS-MTL751,TThF 11:00-12:00
691,GRAPH THEORY-MTL768,MTh 15:30-17:00
692,COMBINATORIAL OPTIMIZATION-MTL770,TF 15:30-17:00
693,DATA MINING-MTL782,MTh 09:30-11:00
694,MULTIPLE DECISION PROCEDURES IN RANKING AND SELECTION-MTL855,"MW 11:00-12:00 ,Th 12:00-13:00"
695,ANALYSIS-MTL874,MTh 15:30-17:00
696,COMPUTING LABORATORY-MTP290,
697,SEMINAR COURSE - XII-MTQ312,
698,SEMINAR COURSE - XIII-MTQ313,
699,SEMINAR COURSE - XIV-MTQ314,
700,SEMINAR COURSE - XV-MTQ315,
701,SEMINAR COURSE - XVI-MTQ316,
702,MINI PROJECT IN ROBOTICS-JRD301,
703,B.TECH.PROJECT-MCD411,
704,B.TECH.PROJECT - II-MCD412,
705,MAJOR PROJECT PART II (THERMALENGINEERING)-MCD812,
706,MAJOR PROJECT PART-I-MCD831,
707,MAJOR PROJECT PART II-MCD832,
708,MAJOR PROJECT PART-II-MCD862,
709,MAJOR PROJECT PART-2-MCD882,
710,MAJOR PROJECT (MSR)-MCD895,
711,MANUFACTURING PROCESSES I-MCL131,"MW 11:00-12:00 ,Th 12:00-13:00"
712,METAL FORMING AND PRESS TOOLS-MCL132,"MW 11:00-12:00 ,Th 12:00-13:00"
713,NEAR NET SHAPE MANUFACTURING-MCL133,MTh 09:30-11:00
714,MATERIAL REMOVAL PROCESSES-MCL136,"MW 11:00-12:00 ,Th 12:00-13:00"
715,THERMAL SC. FOR ELE. ENGINEERS-MCL142,TWF 09:00-10:00
716,MECHANICAL ENGG. DRAWING-MCL201,TWF 10:00-11:00
717,CONTROL THEORY & APPLICATIONS-MCL212,MTh 09:30-11:00
718,ENERGY SYSTEMS AND TECH.-MCL241,MTh 09:30-11:00
719,CAD & FINITE ELEMENT ANALYSIS-MCL311,TWF 10:00-11:00
720,ACOUSTICS AND NOISE CONTROL-MCL314,TThF 11:00-12:00
721,AUTOMOTIVE SYSTEMS-MCL321,TWF 10:00-11:00
722,MICRO AND NANO MANUFACTURING-MCL331,MTh 08:00-09:30
723,INTERMEDIATE HEAT TRANSFER-MCL347,TWF 10:00-11:00
724,THERMAL MGMT. OF ELECTRONICS-MCL348,MTF 12:00-13:00
725,MANUFACTURING SYSTEM DESIGN-MCL361,TWF 09:00-10:00
726,SPL. TOPICS IN MECHANICAL ENGG-MCL380,TThF 11:00-12:00
727,AUTOMOTIVE STRUCTURAL DESIGN-MCL421,TWF 09:00-10:00
728,EXPERIMENTAL METHODS-MCL705,TWF 08:00-09:00
729,THERMAL TURBOMACHINES-MCL707,TWF 10:00-11:00
730,FRACTURE MECHANICS IN DESIGN-MCL711,MTh 09:30-11:00
731,AIR POLLUTION: SOURCES AND APPORTIONMENT-MCL732,"MW 11:00-12:00 ,Th 12:00-13:00"
732,VIBRATIONS AND NOISE ENGINEERING-MCL733,MTh 08:00-09:30
733,AUTOMOTIVE DESIGN-MCL736,TWF 09:00-10:00
734,DYNAMICS OF MULTIBODY SYSTEMS-MCL738,MTh 09:30-11:00
735,CONTROL ENGINEERING-MCL741,TWF 10:00-11:00
736,ROBOTICS-MCL745,TWF 08:00-09:00
737,DESIGN OF PRECISION MACHINES-MCL747,MTh 09:30-11:00
738,TRIBOLOGICAL SYSTEM DESIGN-MCL748,TThF 11:00-12:00
739,OPERATIONS PLANNING AND CONTRO-MCL754,MTF 12:00-13:00
740,SUPPLY CHAIN MANAGEMENT-MCL756,"W 12:00-13:00 ,TF 17:00-18:00"
741,OPTIMIZATION-MCL758,MTh 17:00-18:30
742,STOCHASTIC MODELING AND SIMULATION-MCL770,MTh 08:00-09:30
743,SPECIAL TOPICS IN IE-MCL775,MTh 15:30-17:00
744,COMPUTATIONAL METHODS-MCL782,MTh 09:30-11:00
745,COMPUTER AIDED MANUFACTURING-MCL784,TThF 11:00-12:00
746,METROLOGY-MCL786,TWF 10:00-11:00
747,COMPUTATIONAL HEAT TRANSFER-MCL813,MTF 12:00-13:00
748,CONVECTIVE HEAT TRANSFER-MCL814,MTh 08:00-09:30
749,GAS DYNAMICS-MCL816,"MW 11:00-12:00 ,Th 12:00-13:00"
750,THERMAL DESIGN-MCL823,TThF 11:00-12:00
751,INTRODUCTION TO MICROFLUIDICS-MCL826,
752,ADVANCED OPERATIONS RESEARCH-MCL865,TWF 10:00-11:00
753,ENGG. VISUALIZATION & COMM.-MCP100,
754,PRODUCT REALIZATION THROUGH MANUFACTURING-MCP101,
755,INDUSTRIAL ENGINEERING LAB - I-MCP261,
756,MECHANICAL ENGINEERING LAB - I-MCP301,
757,MANUFACTURING LABORATORY-II-MCP331,
758,PRODUCTION ENGINEERING LAB- II-MCP332,
759,SEMINAR COURSE - I-MCQ301,
760,SEMINAR COURSE - II-MCQ302,
761,SEMINAR COURSE - III-MCQ303,
762,SPL. MODULE IN MECHANICAL ENGG (ENERGY EFFICIENCY IN THERMAL SYSTEMS)-MCV390A,MTh 17:00-18:30
763,HUMAN VALUES AND TECHNOLOGY-VEL700,MTh 17:00-18:30
764,SPECIAL MODULE ON INNER DEVELOPMENT-II-VEV732,"W 12:00-13:00 ,TF 17:00-18:00"
765,SPECIAL MODULE ON INNER DEVELOPMENT-3-VEV741,
766,MINI PROJECT IN OPTICS AND PHOTONICS-OPD710,
767,OPTICS AND PHOTONICS FOR ENGINEERS & SCIENTISTS-OPL700,TWF 10:00-11:00
768,HOLLOW-CORE OPTICAL FIBER COMMUNICATION TECHNOLOGY-OPL703,
769,PHOTONIC MATERIALS AND APPLICATIONS-OPL712,TThF 11:00-12:00
770,INFORMATION PHOTONICS-OPL713,MTh 17:00-18:30
771,INTEGRATED PHOTONICS-OPL714,TThF 11:00-12:00
772,QUANTUM NONLINEAR PHOTONICS-OPL718,"MW 11:00-12:00 ,Th 12:00-13:00"
773,PHOTONIC MATRIX PROCESSORS FOR ARTIFICIAL INTELLIGENCE-OPV793,
774,MAJOR PROJECT PART-II-JOD802,
775,PROJECT-I-PYD411,
776,MAJOR PROJECT PART II-PYD412,
777,PROJECT III-PYD414,
778,PROJECT I-PYD561,
779,PROJECT II-PYD562,
780,MINI PROJECT-PYD658,
781,MAJOR PROJECT PART-II-PYD802,
782,MAJOR PROJECT PART-II-PYD852,
783,ELECTROMAGNETIC WAVES & QUA.MEC.-PYL101,MTh 14:00-15:30
784,PRINCIPLES OF ELECT. MATERIALS-PYL102,"MW 11:00-12:00 ,Th 12:00-13:00"
785,QUANTUM MECHANICS-PYL122,MTh 08:00-09:30
786,STATISTICAL PHYSICS-PYL202,TThF 11:00-12:00
787,COMPUTATIONAL PHYSICS-PYL204,MTh 09:30-11:00
788,MATHEMATICAL PHYSICS-II-PYL206,TWF 08:00-09:00
789,SOLID STATE PHYSICS II-PYL208,TWF 09:00-10:00
790,VACUUM TECHNOLO. & SURFACE SC.-PYL301,MTF 12:00-13:00
791,NUCLEAR SCIENCE & ENGINEERING-PYL302,"W 12:00-13:00 ,TF 17:00-18:00"
792,ELECTRODYNAMICS-PYL552,TWF 10:00-11:00
793,QUANTUM MECHANICS II-PYL556,MTh 08:00-09:30
794,STATISTICAL MECHANICS-PYL558,TWF 09:00-10:00
795,APPLIED OPTICS-PYL560,TThF 11:00-12:00
796,SOLID STATE PHYSICS-PYL563,MTh 09:30-11:00
797,SEMICONDUCTOR ELECTRONICS-PYL653,MTF 12:00-13:00
798,SC. & TECHNOLOGY OF THIN FILMS-PYL704,MTh 08:00-09:30
799,NANOSTRUCTURED MATERIALS-PYL705,"W 12:00-13:00 ,TF 17:00-"18:00
800,CHARACTERISATION TEC. FOR MAT.-PYL707,TWF 09:00-10:00
801,ADVANCES IN SPINTRONICS-PYL724,"MW 11:00-12:00 ,Th 12:00-13:00"
802,SEMICONDUCTOR DEVICE TECHNOLOGY-PYL726,TWF 08:00-09:00
803,ENERGY MATERIALS AND DEVICES-PYL727,TThF 11:00-12:00
804,COMP. TE. FOR SOLID STATE MAT.-PYL739,"W 12:00-13:00 ,TF 17:00-18:00"
805,GEN. RELATIVITY & INTRO. ASTR.-PYL742,"MW 11:00-12:00 ,Th 12:00-13:00"
806,GROUP THEORY & ITS APPLICATION-PYL743,MTh 08:00-09:30
807,HIGH ENERGY PHYSICS-PYL744,MTF 12:00-13:00
808,QUANTUM OPTICS-PYL748,TWF 10:00-11:00
809,LASER SYSTEMS AND APPLICATIONS-PYL752,TWF 09:00-10:00
810,FOURIER OPTICS AND HOLOGRAPHY-PYL756,MTF 12:00-13:00
811,STATISTICAL & QUANTUM OPTICS-PYL757,"W 12:00-13:00 ,TF 17:00-18:00"
812,BIOMEDICAL OPTICS & BIO-PHOTO.-PYL760,"MW 11:00-12:00 ,Th 12:00-13:00"
813,OPTICAL ELECTRONICS-PYL792,MTh 09:30-11:00
814,NUM. & COMP. METH. IN RESEARCH-PYL800,"MW 11:00-12:00 ,Th 12:00-13:00"
815,FIBER OPTIC COMPONENTS AND DEVICES-PYL891,TWF 08:00-09:00
816,PHYSICS LABORATORY-PYP100,
817,ENGG. PHYSICS LABORATORY II-PYP212,
818,ENGINEERING PHYSICS LABORATORY-IV-PYP224,
819,LABORATORY II-PYP562,
820,SOLID STATE MATERIALS LABORATORY-II-PYP702,
821,ADVANCED OPTICS LABORATORY-PYP762,
822,ADVANCED OPTICAL WORKSHOP-PYP764,
823,SEMINAR COURSE - II-PYQ302,
824,MINI PROJECT IN ARTIFICIAL INTELLIGENCE-AID710,
825,MINOR PROJECT-AID799,
826,M.TECH. PROJECT PART-I-AID891,
827,M.TECH. PROJECT PART-II-AID892,
828,MS RESEARCH PROJECT-AID895,
829,DEEP LEARNING-AIL721,"W 12:00-13:00 ,TF 17:00-18:00"
830,SPECIAL TOPICS IN MACHINE LEARNING-AIL821,TF 14:00-15:30
831,SPECIAL TOPICS IN APPLICATIONS -AIL861,MTh 15:30-17:00
832,SPECIAL TOPICS IN COMPUTER VISION -AIL862,MTh 14:00-15:30
833,INDEPENDENT STUDY IN ARTIFICIAL INTELLIGENCE-AIS710,
834,ETHICAL CONSIDERATIONS IN MINDS-AIV790,
835,GRADUATE STUDENT SEMINAR-II-SBC796,
836,MINI PROJECT-SBD301,
837,MS RESEARCH PROJECT-SBD895,
838,INTRO. TO BIOLOGY FOR ENGINEER-SBL100,TWF 08:00-09:00
839,HIGH-DIMENSIONAL BIOLOGY-SBL201,TThF 11:00-12:00
840,COMPUTATIONAL BIOLOGY AND DATA ANALYSES-SBL600,TThF 11:00-12:00
841,GENETIC ENGINEERING AND BIOTECHNOLOGY-SBL610,MTh 15:30-17:00
842,IMMUNOBIOLOGY-SBL620,MTh 17:00-18:30
843,ADVANCED CELLULAR BIOLOGY-SBL630,TF 15:30-17:00
844,BIOLOGICAL PATHWAYS-SBL640,TF 14:00-15:30
845,BIOMETRY-SBL701,MTh 17:00-18:30
846,HUMAN VIROLOGY-SBL704,TWF 10:00-11:00
847,BIOLOGY OF PROTEINS-SBL705,MTh 09:30-11:00
848,CELL SIGNALING-SBL711,MTh 17:00-18:30
849,GENOME AND HEALTHCARE-SBL720,TWF 09:00-10:00
850,TECHNIQUES IN BIOMOLECULAR INTERACTIONS-SBL721,"MW 11:00-12:00 ,Th 12:00-13:00"
851,PRINCIPLES OF NEURAL EXCITABILITY AND COMMUNICATION-SBL723,MTF 12:00-13:00
852,MODERN TRENDS IN DRUG DEVELOPMENT-SBL730,TThF 11:00-12:00
853,INTRODUCTION TO PRACTICAL MODERN BIOLOGY-SBP200,
854,INDEPENDENT STUDY-SBS800,
855,INTELLECTUAL PROPERTY RIGHTS IN BIOSCIENCES-SBV601,TWF 08:00-09:00
856,BIOLOGICAL MEMBRANES-SBV882,"W 12:00-13:00 ,TF 17:00-18:00"
857,CURRENT METHODS IN MAMMALIAN GENETICS-SBV894,TF 15:30-17:00
858,DEVELOPMENT BIOLOGY-SBV895,MTF 12:00-13:00
859,TECHNIQUES IN MAMMALIAN CELL CULTURE-SBV898,"W 12:00-13:00 ,TF 17:00-18:00"
860,MS RESEARCH PROJECT-SID890,
861,NETWORKS & SYSTEM SECURITY-SIL765,TWF 10:00-11:00
862,SPECIAL TOPICS IN CYBER SECURITY-SIL771,MTh 15:30-17:00
863,BIOMETRIC SECURITY-SIL775,MTh 08:00-09:30
864,SPECIAL MODULE ON EGOVERNANCE-SIV851,
865,MPP MAJOR PROJECT - I-SPD881,
866,MPP MAJOR PROJECT-II-SPD882,
867,RESEARCH METHODS FOR PUBLIC POLICY-SPL703,MTh 08:00-09:30
868,PUBLIC INSTITUTIONS IN INDIA: THEORY AND PRACTICE-SPL705,MTh 09:30-11:00
869,TOOLS FOR POLICY ANALYSIS-SPL707,MTh 17:00-18:30
870,MODELLING COMPLEX ADAPTIVE SYSTEMS FOR POLICY ANALYSIS-SPL711,TF 15:30-17:00
871,COMPARATIVE INDUSTRIAL POLICY-SPL712,"MW 11:00-12:00 ,Th 12:00-13:00"
872,UNDERSTANDING PUBLIC POLICY MAKING THROUGH CASE STUDIES-SPL723,TF 15:30-17:00
873,CAUSAL INFERENCE AND IMPACT ASSESSMENT-SPL740,TWF 09:00-10:00
874,TECHS AND THE CITY - AN URBAN POLICY PERSPECTIVE-SPL752,MTh 15:30-17:00
875,URBAN PLANNING PRACTICUM-SPL753,
876,ADVANCED TOPICS IN POLICY STUDIES (SYSTEMS THINKING)-SPL810B,MTh 14:00-15:30
877,INCLUSIVE CITY AND ACCESSIBILITY AUDIT-SPV792,TF 14:00-15:30
878,SPECIAL MODULE ON PUBLIC POLICY IN MANAGEMENT OF NATURAL RESOURCES-SPV793,MTh 15:30-17:00
879,"SPECIAL MODULE ON PUBLIC POLICY IN DATA, COMMUNICATION AND COMPUTATION-SPV794",MTh 14:00-15:30
880,MAJOR PROJECT PART-II-DSD802,
881,MAJOR PROJECT (MSR)-DSD895,
882,ELECTRONIC TECH. FOR SIGNAL CONDITIONING & INTERFA-DSL712,TWF 10:00-11:00
883,INSTRUMENT DESIGN AND SIMULATIONS-DSL714,MTF 12:00-13:00
884,OPTICAL MATERIALS & OPTICAL TE-DSL733,MTh 09:30-11:00
885,LASER BASED INSTRUMENTATION-DSL734,"MW 11:00-12:00 ,Th 12:00-13:00"
886,SENSING AND IMAGING TECHNIQUES-DSL755,
887,SELECTED TOPICS IN INSTRUMENTATION-I-DSL811,MTh 17:00-18:30
888,INSTRUMENT TECHNOLOGY LABORATORY-II-DSP704,
889,MAJOR PROJECT PART I-TXD401,
890,MAJOR PROJECT PART II-TXD402,
891,MAJOR PROJECT PART-I (TXE)-TXD801,
892,MAJOR PROJECT PART-I (TXF)-TXD802,
893,MAJOR PROJECT PART II-TXD803,
894,MAJOR PROJECT PART II-TXD804,
895,MAJOR PROJECT PART II (TCP)-TXD806,
896,STRUCTURE AND PHYSICAL PROPERTIES OF FIBRES-TXL211,TWF 09:00-10:00
897,YARN MANUFACTURE I-TXL221,TWF 10:00-11:00
898,FABRIC MANUFACTURE I-TXL231,MTh 09:30-11:00
899,TECH. OF TEXT. PREPARATION & F-TXL241,TThF 11:00-12:00
900,EVALUATION OF TEXTILE MATERIAL-TXL361,TWF 09:00-10:00
901,THEORY OF TEXTILE STRUCTURES-TXL371,TWF 08:00-09:00
902,SPECIALITY YARNS AND FABRICS-TXL372,"MW 11:00-12:00 ,Th 12:00-13:00"
903,BASICS OF TEXTILES-TXL601,
904,ADVANCED MATERIALS CHARACTERIZATION TECHNIQUES-TXL714,
905,TECHNOLOGY OF SOLUTION SPUN FIBRES-TXL715,MTh 09:30-11:00
906,MECHANICS OF SPINNING MACHINES-TXL725,MTh 08:00-09:30
907,SC. & APP. OF NANOTEC. IN TEX.-TXL740,TWF 10:00-11:00
908,ADVANCES IN FINISHING OF TEXTILES-TXL748,TThF 11:00-12:00
909,SUSTAINABLE CHEMICAL PROCESSING OF TEXTILES-TXL754,MTh 09:30-11:00
910,TEXTILE AUXILIARIES-TXL756,TWF 09:00-10:00
911,DE. & MANUF. OF TEXT. STR. CO.-TXL766,MTh 09:30-11:00
912,ELECTRONICS AND CONTROLS FOR TEXTILEINDUSTRY-TXL771,MTF 12:00-13:00
913,MEDICAL TEXTILES-TXL773,"MW 11:00-12:00 ,Th 12:00-13:00"
914,TECHNICAL TEXTILES-TXL775,MTh 09:30-11:00
915,PRODUCTION & OPERATIONS MGMT-TXL782,MTF 12:00-13:00
916,DESIGN OF EXPER. & STAT. TECH.-TXL783,TWF 10:00-11:00
917,TECHNOLOGY OF TEXTILE COATING AND LAMINATION-TXL786,TThF 11:00-12:00
918,MANUFACTURED FIBRE TECHNO. LAB-TXP212,
919,YARN MANUFACTURE LABORATORYI-TXP221,
920,FABRIC MANUFACTURE LAB. - I-TXP231,
921,TECH. OF TEX. PRE. & FIN. LAB.-TXP241,
922,EVALUATION OF TEXTILES LAB-TXP361,
923,FIBRE PRODUCTION AND POST SPINNING OPERATION LABORATORY-TXP716,
924,MECHANICS OF SPINNING MACHINES LAB-TXP725,
925,TEXTILE PREPARATION AND FINISHING LAB-TXP748,
926,EVALUATION OF TEXTILE MATERIALS-TXP761,
927,SEMINAR COURSE 2-TXQ302,
928,"SUSTAINABLE TEXTILE PRACTICES, INNOVATIONS AND OPPORTUNITIES-TXV708",
929,MS RESEARCH PROJECT-TRD895,
930,MATHEMATICAL METHODS IN ROAD SAFETY-TRL700,MTh 15:30-17:00
931,TRANSPORTATION SAFETY AND INJURY PREVENTION PRINCIPLES-TRL701,"W 12:00-13:00 ,TF 17:00-18:00"
932,TRANSPORT AND HEALTH-TRL702,"MW 11:00-12:00 ,Th 12:00-13:00"
933,TRANSPORT PLANNING FOR SUSTAINABLE CITIES-TRL710,MTh 09:30-11:00
934,SPECIAL TOPICS IN MOBILITY AND TRAFFIC SAFETY-TRL851C,MTh 08:00-09:30
935,SAFETY & EMISSION IMPACT ASSESSMENT FOR ROAD INFRASTRUCTURE-TRV752,
936,NET ZERO TRANSPORTATION-TRV753,MTF 12:00-13:00
937,EPIDEMIOLOGY METHODS IN TRAFFIC INJURY PREVENTION-TRV754,MTF 12:00-13:00
938,SUSTAINABLE AND RESILIENT HILL-ROAD INFRASTRUCTURE-TRV762,MTh 17:00-18:30
939,HILL ROAD SAFETY - CRASH BARRIER SYSTEMS-TRV763,MTh 17:00-18:30
940,ROLE OF PLANNING IN SUSTAINABLE AND RESILIENT LARGE-SCALE INFRASTRUCTURE-TRV765,MTh 17:00-18:30
941,HILL ROAD SAFETY - SLOPE STABILITY-TRV766,MTh 17:00-18:30